<?xml version="1.0" encoding="UTF-8"?>
<project-private xmlns="http://www.netbeans.org/ns/project-private/1">
    <editor-bookmarks xmlns="http://www.netbeans.org/ns/editor-bookmarks/2" lastBookmarkId="0"/>
    <open-files xmlns="http://www.netbeans.org/ns/projectui-open-files/2">
        <group>
            <file>file:/C:/Users/Thais%20Oliveira/Documents/FormCurriculo/FormCurriculo/FormCurriculo/web/index.html</file>
            <file>file:/C:/Users/Thais%20Oliveira/Documents/FormCurriculo/FormCurriculo/FormCurriculo/web/CSS/style.css</file>
            <file>file:/C:/Users/Thais%20Oliveira/Documents/FormCurriculo/FormCurriculo/FormCurriculo/web/consultacurriculo/usu_cons_id.html</file>
            <file>file:/C:/Users/Thais%20Oliveira/Documents/FormCurriculo/FormCurriculo/FormCurriculo/web/consultacurriculo/usu_cons_nome.html</file>
            <file>file:/C:/Users/Thais%20Oliveira/Documents/FormCurriculo/FormCurriculo/FormCurriculo/web/consultacurriculo/geral_cons_csv.jsp</file>
            <file>file:/C:/Users/Thais%20Oliveira/Documents/FormCurriculo/FormCurriculo/FormCurriculo/web/consultacurriculo/index.html</file>
        </group>
    </open-files>
</project-private>
